JobName,OMP_THREADS,Ntasks,GridX,GridY,Iterations,Max_total_time,Max_Communication_time,Max_Computation_time,Init_time
job,0,2,5,5,2,0.001322,0.000031,0.000318,0.000257
job,0,2,5,5,2,0.000800,0.000008,0.000232,0.000152
job,0,1,5,5,2,0.000609,0.000001,0.000294,0.000103
job,0,1,5,5,3,0.000572,0.000001,0.000271,0.000081
job,0,1,5,5,4,0.000724,0.000001,0.000297,0.000085
job,0,1,5,5,4,0.000471,0.000001,0.000223,0.000083
job,0,2,5,5,4,0.001943,0.000099,0.000349,0.000538
job,0,2,5,5,4,0.001368,0.000063,0.000280,0.000275
