JobName,OMP_THREADS,Ntasks,GridX,GridY,Iterations,Max_total_time,Max_Communication_time,Max_Computation_time,Init_time
strong_scale_8n_64t,14,64,15000,15000,500,2.466630,0.119521,2.421246,0.001205
strong_scale_16n_128t,14,128,15000,15000,500,1.233794,0.125653,1.215050,0.003429
strong_scale_4n_32t,14,32,15000,15000,500,4.974202,0.182237,4.892816,0.005618
strong_scale_2n_16t,14,16,15000,15000,500,9.979902,0.375851,9.815420,0.070872
strong_scale_1n_8t,14,8,15000,15000,500,20.194120,0.552427,20.063720,0.000267
