JobName,OMP_THREADS,Ntasks,GridX,GridY,Iterations,Max_total_time,Max_Communication_time,Max_Computation_time,Init_time
strong_scale_16n_128t,14,128,10000,10000,500,0.604458,0.083654,0.590331,0.003582
strong_scale_8n_64t,14,64,10000,10000,500,1.097783,0.130883,1.069739,0.001214
strong_scale_4n_32t,14,32,10000,10000,500,2.198635,0.130802,2.170118,0.005443
strong_scale_2n_16t,14,16,10000,10000,500,4.476041,0.236449,4.333747,0.071100
strong_scale_1n_8t,14,8,10000,10000,500,8.959096,0.317245,8.822144,0.000178
