JobName,OMP_THREADS,Ntasks,GridX,GridY,Iterations,Max_total_time,Max_Communication_time,Max_Computation_time,Init_time
weak_scale_1n_8t,14,8,12000,8000,500,8.596663,0.169139,8.479272,0.000209
weak_scale_16n_128t,14,128,44000,44000,500,10.876617,0.485144,10.761344,0.002997
weak_scale_4n_32t,14,32,24000,20000,500,10.755143,0.412796,10.636141,0.005963
weak_scale_8n_64t,14,64,32000,32000,500,11.439551,0.369226,11.318347,0.002839
weak_scale_2n_16t,14,16,16000,16000,500,11.457052,0.353682,11.344431,0.022597
